﻿<?xml version="1.0" encoding="UTF-8"?>
<mdb:MD_Metadata xmlns:gco="http://standards.iso.org/iso/19115/-3/gco/1.0" xmlns:dqc="http://standards.iso.org/iso/19157/-2/dqc/1.0" xmlns:md1="http://standards.iso.org/iso/19115/-3/md1/1.0" xmlns:md2="http://standards.iso.org/iso/19115/-3/md2/1.0" xmlns:mmi="http://standards.iso.org/iso/19115/-3/mmi/1.0" xmlns:msr="http://standards.iso.org/iso/19115/-3/msr/1.0" xmlns:mco="http://standards.iso.org/iso/19115/-3/mco/1.0" xmlns:mex="http://standards.iso.org/iso/19115/-3/mex/1.0" xmlns:mrd="http://standards.iso.org/iso/19115/-3/mrd/1.0" xmlns:mrc="http://standards.iso.org/iso/19115/-3/mrc/1.0" xmlns:lan="http://standards.iso.org/iso/19115/-3/lan/1.0" xmlns:mcc="http://standards.iso.org/iso/19115/-3/mcc/1.0" xmlns:mdb="http://standards.iso.org/iso/19115/-3/mdb/1.0" xmlns:mdq="http://standards.iso.org/iso/19157/-2/mdq/1.0" xmlns:cit="http://standards.iso.org/iso/19115/-3/cit/1.0" xmlns:mri="http://standards.iso.org/iso/19115/-3/mri/1.0" xmlns:mrl="http://standards.iso.org/iso/19115/-3/mrl/1.0" xmlns:gex="http://standards.iso.org/iso/19115/-3/gex/1.0" xmlns:xsi="http://www.w3.org/2001/XMLSchema-instance" xmlns:mrs="http://standards.iso.org/iso/19115/-3/mrs/1.0" xmlns:type="http://www.w3.org/1999/xlink" xsi:schemaLocation="http://standards.iso.org/iso/19115/-3/md2/1.0 http://standards.iso.org/iso/19115/-3/md2/1.0/md2.xsd">
	<mdb:metadataIdentifier>
		<mcc:MD_Identifier>
			<mcc:code>
				<gco:CharacterString>TW-09-301000100G-614036</gco:CharacterString>
			</mcc:code>
		</mcc:MD_Identifier>
	</mdb:metadataIdentifier>
	<mdb:defaultLocale>
		<lan:PT_Locale>
			<lan:language>
				<lan:LanguageCode codeList="http://standards.iso.org/iso/19115/resources/Codelist/lan/LanguageCode.xml" codeListValue="chi">chi</lan:LanguageCode>
			</lan:language>
			<lan:characterEncoding>
				<lan:MD_CharacterSetCode codeList="https://standards.iso.org/iso/19139/resources/gmxCodelists.xml" codeListValue="utf8">utf8</lan:MD_CharacterSetCode>
			</lan:characterEncoding>
		</lan:PT_Locale>
	</mdb:defaultLocale>
	<mdb:parentMetadata>
		<cit:CI_Citation>
			<cit:title>
				<gco:CharacterString></gco:CharacterString>
			</cit:title>
		</cit:CI_Citation>
	</mdb:parentMetadata>
	<mdb:contact>
		<cit:CI_Responsibility>
			<cit:role>
				<cit:CI_RoleCode codeList="http://standards.iso.org/iso/19115/resources/Codelist/cat/codelists.xml#CI_RoleCode" codeListValue="pointOfContact">pointOfContact</cit:CI_RoleCode>
			</cit:role>
			<cit:party>
				<cit:CI_Organisation>
					<cit:name>
						<gco:CharacterString>內政部國土測繪中心</gco:CharacterString>
					</cit:name>
					<cit:contactInfo>
						<cit:CI_Contact>
							<cit:phone>
								<cit:CI_Telephone>
									<cit:number>
										<gco:CharacterString>+886-4-22522966</gco:CharacterString>
									</cit:number>
									<cit:numberType>
										<cit:CI_TelephoneTypeCode codeList="http://standards.iso.org/iso/19115/resources/Codelist/cat/codelists.xml#CI_TelephoneTypeCode" codeListValue="voice">voice</cit:CI_TelephoneTypeCode>
									</cit:numberType>
								</cit:CI_Telephone>
							</cit:phone>
							<cit:address>
								<cit:CI_Address>
									<cit:deliveryPoint>
										<gco:CharacterString>台中市南屯區408臺中市南屯區黎明路二段497號4樓</gco:CharacterString>
									</cit:deliveryPoint>
									<cit:city>
										<gco:CharacterString>台中市</gco:CharacterString>
									</cit:city>
									<cit:administrativeArea>
										<gco:CharacterString></gco:CharacterString>
									</cit:administrativeArea>
									<cit:postalCode>
										<gco:CharacterString>408</gco:CharacterString>
									</cit:postalCode>
									<cit:country>
										<gco:CharacterString>中華民國</gco:CharacterString>
									</cit:country>
									<cit:electronicMailAddress>
										<gco:CharacterString>mb@mail.nlsc.gov.tw</gco:CharacterString>
									</cit:electronicMailAddress>
								</cit:CI_Address>
							</cit:address>
						</cit:CI_Contact>
					</cit:contactInfo>
					<cit:individual>
						<cit:CI_Individual>
							<cit:name>
								<gco:CharacterString>內政部國土測繪中心</gco:CharacterString>
							</cit:name>
							<cit:positionName>
								<gco:CharacterString>內政部國土測繪中心</gco:CharacterString>
							</cit:positionName>
						</cit:CI_Individual>
					</cit:individual>
				</cit:CI_Organisation>
			</cit:party>
		</cit:CI_Responsibility>
	</mdb:contact>
	<mdb:dateInfo>
		<cit:CI_Date>
			<cit:date>
				<gco:DateTime>2017-11-27T12:00:00</gco:DateTime>
			</cit:date>
			<cit:dateType>
				<cit:CI_DateTypeCode codeList="http://standards.iso.org/iso/19115/resources/Codelist/cat/codelists.xml#creation" codeListValue="publication"/>
			</cit:dateType>
		</cit:CI_Date>
	</mdb:dateInfo>
	<mdb:metadataStandard>
		<cit:CI_Citation>
			<cit:title>
				<gco:CharacterString>TWSMP 3.0</gco:CharacterString>
			</cit:title>
		</cit:CI_Citation>
	</mdb:metadataStandard>
	<mdb:spatialRepresentationInfo>
		<msr:MD_VectorSpatialRepresentation>
			<msr:geometricObjects>
				<msr:MD_GeometricObjects>
					<msr:geometricObjectType/>
				</msr:MD_GeometricObjects>
			</msr:geometricObjects>
		</msr:MD_VectorSpatialRepresentation>
	</mdb:spatialRepresentationInfo>
	<mdb:referenceSystemInfo>
		<mrs:MD_ReferenceSystem>
			<mrs:referenceSystemIdentifier>
				<mcc:MD_Identifier>
					<mcc:authority>
						<cit:CI_Citation>
							<cit:title>
								<gco:CharacterString>EPSG:4326(WGS84經緯度)</gco:CharacterString>
							</cit:title>
						</cit:CI_Citation>
					</mcc:authority>
					<mcc:code>
						<gco:CharacterString>EPSG:4326</gco:CharacterString>
					</mcc:code>
				</mcc:MD_Identifier>
			</mrs:referenceSystemIdentifier>
			<mrs:referenceSystemType>
				<mrs:MD_ReferenceSystemTypeCode codeList="http://standards.iso.org/iso/19115/resources/Codelist/cat/codeLists.xml#MD_ReferenceSystemTypeCode" codeListValue="geographicIdentifier"/>
			</mrs:referenceSystemType>
		</mrs:MD_ReferenceSystem>
	</mdb:referenceSystemInfo>
	<!--開放資料與資產管理擴充資訊-->
	<mdb:metadataExtensionInfo>
		<mex:MD_MetadataExtensionInformation>
			<mex:extendedElementInformation>
				<mex:MD_ExtendedElementInformation>
					<mex:name>
						<gco:CharacterString>categoryTheme</gco:CharacterString>
					</mex:name>
					<mex:definition>
						<gco:CharacterString>主題分類編號 3 碼 6 類。</gco:CharacterString>
					</mex:definition>
					<mex:obligation>
						<mex:MD_ObligationCode>mandatory</mex:MD_ObligationCode>
					</mex:obligation>
					<mex:dataType>
						<mex:MD_DatatypeCode codeList="http://standards.iso.
org/iso/19115/resources/Codelist/cat/codeLists.xml#MD_DatatypeCode" codeListValue="CharacterString"/>
					</mex:dataType>
					<mex:maximumOccurrence>
						<gco:CharacterString>1</gco:CharacterString>
					</mex:maximumOccurrence>
					<mex:domainValue>
						<gco:CharacterString/>
					</mex:domainValue>
					<mex:parentEntity>
						<gco:CharacterString>MD_Metadata</gco:CharacterString>
					</mex:parentEntity>
					<mex:rule>
						<gco:CharacterString>本項目屬核心搜尋項目</gco:CharacterString>
					</mex:rule>
					<mex:source>
						<cit:CI_Responsibility>
							<cit:role>
								<cit:CI_RoleCode codeList="http://standards.iso.org/iso/19115/resources/Codelist/cat/codeList.xml#CI_RoleCode" codeListValue="custodian">custodian</cit:CI_RoleCode>
							</cit:role>
							<cit:party>
								<cit:CI_Organisation>
									<cit:name>
										<gco:CharacterString>內政部</gco:CharacterString>
									</cit:name>
									<cit:contactInfo>
										<cit:CI_Contact>
											<cit:phone>
												<cit:CI_Telephone>
													<cit:number>
														<gco:CharacterString>+886-2-25132238</gco:CharacterString>
													</cit:number>
													<cit:numberType>
														<cit:CI_TelephoneTypeCode codeList="https://standards.iso.org/iso/19115/resources/Codelists/cat/codelists.xml#CI_
TelephoneTypeCode" codeListValue="office"/>
													</cit:numberType>
												</cit:CI_Telephone>
											</cit:phone>
											<cit:address>
												<cit:CI_Address>
													<cit:deliveryPoint>
														<gco:CharacterString>徐州路５號七樓</gco:CharacterString>
													</cit:deliveryPoint>
													<cit:city>
														<gco:CharacterString>臺北市中正區</gco:CharacterString>
													</cit:city>
													<cit:postalCode>
														<gco:CharacterString>10055</gco:CharacterString>
													</cit:postalCode>
													<cit:country>
														<gco:CharacterString>中華民國</gco:CharacterString>
													</cit:country>
													<cit:electronicMailAddress>
														<gco:CharacterString>moi1559@moi.gov.tw</gco:CharacterString>
													</cit:electronicMailAddress>
												</cit:CI_Address>
											</cit:address>
										</cit:CI_Contact>
									</cit:contactInfo>
								</cit:CI_Organisation>
							</cit:party>
						</cit:CI_Responsibility>
					</mex:source>
				</mex:MD_ExtendedElementInformation>
			</mex:extendedElementInformation>
			<mex:extendedElementInformation>
				<mex:MD_ExtendedElementInformation>
					<mex:name>
						<gco:CharacterString>categoryService</gco:CharacterString>
					</mex:name>
					<mex:definition>
						<gco:CharacterString>服務分類編號 3 碼 18 類。（依政府入口網服務分類編號選填） </gco:CharacterString>
					</mex:definition>
					<mex:obligation>
						<mex:MD_ObligationCode>mandatory</mex:MD_ObligationCode>
					</mex:obligation>
					<mex:dataType>
						<mex:MD_DatatypeCode codeList="http://standards.iso.
org/iso/19115/resources/Codelist/cat/codeLists.xml#MD_DatatypeCode" codeListValue="CharacterString"/>
					</mex:dataType>
					<mex:maximumOccurrence>
						<gco:CharacterString>1</gco:CharacterString>
					</mex:maximumOccurrence>
					<mex:domainValue>
						<gco:CharacterString/>
					</mex:domainValue>
					<mex:parentEntity>
						<gco:CharacterString>MD_Metadata</gco:CharacterString>
					</mex:parentEntity>
					<mex:rule>
						<gco:CharacterString>本項目屬核心搜尋項目</gco:CharacterString>
					</mex:rule>
					<mex:source>
						<cit:CI_Responsibility>
							<cit:role>
								<cit:CI_RoleCode codeList="http://standards.iso.org/iso/19115/resources/Codelist/cat/codeList.xml#CI_RoleCode" codeListValue="custodian">custodian</cit:CI_RoleCode>
							</cit:role>
							<cit:party>
								<cit:CI_Organisation>
									<cit:name>
										<gco:CharacterString>內政部</gco:CharacterString>
									</cit:name>
									<cit:contactInfo>
										<cit:CI_Contact>
											<cit:phone>
												<cit:CI_Telephone>
													<cit:number>
														<gco:CharacterString>+886-2-25132238</gco:CharacterString>
													</cit:number>
													<cit:numberType>
														<cit:CI_TelephoneTypeCode codeList="https://standards.iso.org/iso/19115/resources/Codelists/cat/codelists.xml#CI_
TelephoneTypeCode" codeListValue="office"/>
													</cit:numberType>
												</cit:CI_Telephone>
											</cit:phone>
											<cit:address>
												<cit:CI_Address>
													<cit:deliveryPoint>
														<gco:CharacterString>徐州路５號七樓</gco:CharacterString>
													</cit:deliveryPoint>
													<cit:city>
														<gco:CharacterString>臺北市中正區</gco:CharacterString>
													</cit:city>
													<cit:postalCode>
														<gco:CharacterString>10055</gco:CharacterString>
													</cit:postalCode>
													<cit:country>
														<gco:CharacterString>中華民國</gco:CharacterString>
													</cit:country>
													<cit:electronicMailAddress>
														<gco:CharacterString>moi1559@moi.gov.tw</gco:CharacterString>
													</cit:electronicMailAddress>
												</cit:CI_Address>
											</cit:address>
										</cit:CI_Contact>
									</cit:contactInfo>
								</cit:CI_Organisation>
							</cit:party>
						</cit:CI_Responsibility>
					</mex:source>
				</mex:MD_ExtendedElementInformation>
			</mex:extendedElementInformation>
			<mex:extendedElementInformation>
				<mex:MD_ExtendedElementInformation>
					<mex:name>
						<gco:CharacterString>categoryDataset</gco:CharacterString>
					</mex:name>
					<mex:definition>
						<gco:CharacterString>甲類資料為開放資料，指以開放格式提供，且以無償方式，不限制使用目的、地區及期間，且不可撤回之方式授權利用為原則者；乙類資料為有限度利用資料，指以開放格式提供，且符合有償提供、保留撤回權、其他限制條件授權利用其中之一條件者。</gco:CharacterString>
					</mex:definition>
					<mex:obligation>
						<mex:MD_ObligationCode>mandatory</mex:MD_ObligationCode>
					</mex:obligation>
					<mex:dataType>
						<mex:MD_DatatypeCode codeList="http://standards.iso.
org/iso/19115/resources/Codelist/cat/codeLists.xml#MD_DatatypeCode" codeListValue="CharacterString"/>
					</mex:dataType>
					<mex:maximumOccurrence>
						<gco:CharacterString>1</gco:CharacterString>
					</mex:maximumOccurrence>
					<mex:domainValue>
						<gco:CharacterString/>
					</mex:domainValue>
					<mex:parentEntity>
						<gco:CharacterString>MD_Metadata</gco:CharacterString>
					</mex:parentEntity>
					<mex:rule>
						<gco:CharacterString>本項目屬核心搜尋項目</gco:CharacterString>
					</mex:rule>
					<mex:source>
						<cit:CI_Responsibility>
							<cit:role>
								<cit:CI_RoleCode codeList="http://standards.iso.org/iso/19115/resources/Codelist/cat/codeList.xml#CI_RoleCode" codeListValue="custodian">custodian</cit:CI_RoleCode>
							</cit:role>
							<cit:party>
								<cit:CI_Organisation>
									<cit:name>
										<gco:CharacterString>內政部</gco:CharacterString>
									</cit:name>
									<cit:contactInfo>
										<cit:CI_Contact>
											<cit:phone>
												<cit:CI_Telephone>
													<cit:number>
														<gco:CharacterString>+886-2-25132238</gco:CharacterString>
													</cit:number>
													<cit:numberType>
														<cit:CI_TelephoneTypeCode codeList="https://standards.iso.org/iso/19115/resources/Codelists/cat/codelists.xml#CI_
TelephoneTypeCode" codeListValue="office"/>
													</cit:numberType>
												</cit:CI_Telephone>
											</cit:phone>
											<cit:address>
												<cit:CI_Address>
													<cit:deliveryPoint>
														<gco:CharacterString>徐州路５號七樓</gco:CharacterString>
													</cit:deliveryPoint>
													<cit:city>
														<gco:CharacterString>臺北市中正區</gco:CharacterString>
													</cit:city>
													<cit:postalCode>
														<gco:CharacterString>10055</gco:CharacterString>
													</cit:postalCode>
													<cit:country>
														<gco:CharacterString>中華民國</gco:CharacterString>
													</cit:country>
													<cit:electronicMailAddress>
														<gco:CharacterString>moi1559@moi.gov.tw</gco:CharacterString>
													</cit:electronicMailAddress>
												</cit:CI_Address>
											</cit:address>
										</cit:CI_Contact>
									</cit:contactInfo>
								</cit:CI_Organisation>
							</cit:party>
						</cit:CI_Responsibility>
					</mex:source>
				</mex:MD_ExtendedElementInformation>
			</mex:extendedElementInformation>
			<mex:extendedElementInformation>
				<mex:MD_ExtendedElementInformation>
					<mex:name>
						<gco:CharacterString>license</gco:CharacterString>
					</mex:name>
					<mex:definition>
						<gco:CharacterString>授權方式</gco:CharacterString>
					</mex:definition>
					<mex:obligation>
						<mex:MD_ObligationCode>mandatory</mex:MD_ObligationCode>
					</mex:obligation>
					<mex:dataType>
						<mex:MD_DatatypeCode codeList="http://standards.iso.
org/iso/19115/resources/Codelist/cat/codeLists.xml#MD_DatatypeCode" codeListValue="CharacterString"/>
					</mex:dataType>
					<mex:maximumOccurrence>
						<gco:CharacterString>1</gco:CharacterString>
					</mex:maximumOccurrence>
					<mex:domainValue>
						<gco:CharacterString/>
					</mex:domainValue>
					<mex:parentEntity>
						<gco:CharacterString>MD_Metadata</gco:CharacterString>
					</mex:parentEntity>
					<mex:rule>
						<gco:CharacterString>本項目屬核心搜尋項目</gco:CharacterString>
					</mex:rule>
					<mex:source>
						<cit:CI_Responsibility>
							<cit:role>
								<cit:CI_RoleCode codeList="http://standards.iso.org/iso/19115/resources/Codelist/cat/codeList.xml#CI_RoleCode" codeListValue="custodian">custodian</cit:CI_RoleCode>
							</cit:role>
							<cit:party>
								<cit:CI_Organisation>
									<cit:name>
										<gco:CharacterString>內政部</gco:CharacterString>
									</cit:name>
									<cit:contactInfo>
										<cit:CI_Contact>
											<cit:phone>
												<cit:CI_Telephone>
													<cit:number>
														<gco:CharacterString>+886-2-25132238</gco:CharacterString>
													</cit:number>
													<cit:numberType>
														<cit:CI_TelephoneTypeCode codeList="https://standards.iso.org/iso/19115/resources/Codelists/cat/codelists.xml#CI_
TelephoneTypeCode" codeListValue="office"/>
													</cit:numberType>
												</cit:CI_Telephone>
											</cit:phone>
											<cit:address>
												<cit:CI_Address>
													<cit:deliveryPoint>
														<gco:CharacterString>徐州路５號七樓</gco:CharacterString>
													</cit:deliveryPoint>
													<cit:city>
														<gco:CharacterString>臺北市中正區</gco:CharacterString>
													</cit:city>
													<cit:postalCode>
														<gco:CharacterString>10055</gco:CharacterString>
													</cit:postalCode>
													<cit:country>
														<gco:CharacterString>中華民國</gco:CharacterString>
													</cit:country>
													<cit:electronicMailAddress>
														<gco:CharacterString>moi1559@moi.gov.tw</gco:CharacterString>
													</cit:electronicMailAddress>
												</cit:CI_Address>
											</cit:address>
										</cit:CI_Contact>
									</cit:contactInfo>
								</cit:CI_Organisation>
							</cit:party>
						</cit:CI_Responsibility>
					</mex:source>
				</mex:MD_ExtendedElementInformation>
			</mex:extendedElementInformation>
			<mex:extendedElementInformation>
				<mex:MD_ExtendedElementInformation>
					<mex:name>
						<gco:CharacterString>dataProvider</gco:CharacterString>
					</mex:name>
					<mex:definition>
						<gco:CharacterString>為資料集之提供人於電子化政府服務平臺公務帳號。</gco:CharacterString>
					</mex:definition>
					<mex:obligation>
						<mex:MD_ObligationCode>mandatory</mex:MD_ObligationCode>
					</mex:obligation>
					<mex:dataType>
						<mex:MD_DatatypeCode codeList="http://standards.iso.
org/iso/19115/resources/Codelist/cat/codeLists.xml#MD_DatatypeCode" codeListValue="CharacterString"/>
					</mex:dataType>
					<mex:maximumOccurrence>
						<gco:CharacterString>1</gco:CharacterString>
					</mex:maximumOccurrence>
					<mex:domainValue>
						<gco:CharacterString/>
					</mex:domainValue>
					<mex:parentEntity>
						<gco:CharacterString>MD_Metadata</gco:CharacterString>
					</mex:parentEntity>
					<mex:rule>
						<gco:CharacterString>本項目屬核心搜尋項目</gco:CharacterString>
					</mex:rule>
					<mex:source>
						<cit:CI_Responsibility>
							<cit:role>
								<cit:CI_RoleCode codeList="http://standards.iso.org/iso/19115/resources/Codelist/cat/codeList.xml#CI_RoleCode" codeListValue="custodian">custodian</cit:CI_RoleCode>
							</cit:role>
							<cit:party>
								<cit:CI_Organisation>
									<cit:name>
										<gco:CharacterString>內政部</gco:CharacterString>
									</cit:name>
									<cit:contactInfo>
										<cit:CI_Contact>
											<cit:phone>
												<cit:CI_Telephone>
													<cit:number>
														<gco:CharacterString>+886-2-25132238</gco:CharacterString>
													</cit:number>
													<cit:numberType>
														<cit:CI_TelephoneTypeCode codeList="https://standards.iso.org/iso/19115/resources/Codelists/cat/codelists.xml#CI_
TelephoneTypeCode" codeListValue="office"/>
													</cit:numberType>
												</cit:CI_Telephone>
											</cit:phone>
											<cit:address>
												<cit:CI_Address>
													<cit:deliveryPoint>
														<gco:CharacterString>徐州路５號七樓</gco:CharacterString>
													</cit:deliveryPoint>
													<cit:city>
														<gco:CharacterString>臺北市中正區</gco:CharacterString>
													</cit:city>
													<cit:postalCode>
														<gco:CharacterString>10055</gco:CharacterString>
													</cit:postalCode>
													<cit:country>
														<gco:CharacterString>中華民國</gco:CharacterString>
													</cit:country>
													<cit:electronicMailAddress>
														<gco:CharacterString>moi1559@moi.gov.tw</gco:CharacterString>
													</cit:electronicMailAddress>
												</cit:CI_Address>
											</cit:address>
										</cit:CI_Contact>
									</cit:contactInfo>
								</cit:CI_Organisation>
							</cit:party>
						</cit:CI_Responsibility>
					</mex:source>
				</mex:MD_ExtendedElementInformation>
			</mex:extendedElementInformation>
			<mex:extendedElementInformation>
				<mex:MD_ExtendedElementInformation>
					<mex:name>
						<gco:CharacterString>detectFrequency</gco:CharacterString>
					</mex:name>
					<mex:definition>
						<gco:CharacterString>資料集之檢測頻率，系統依據檢測頻率定期檢測資料集更新與否以及資料集品質狀態。</gco:CharacterString>
					</mex:definition>
					<mex:obligation>
						<mex:MD_ObligationCode>mandatory</mex:MD_ObligationCode>
					</mex:obligation>
					<mex:dataType>
						<mex:MD_DatatypeCode codeList="http://standards.iso.
org/iso/19115/resources/Codelist/cat/codeLists.xml#MD_DatatypeCode" codeListValue="CharacterString"/>
					</mex:dataType>
					<mex:maximumOccurrence>
						<gco:CharacterString>1</gco:CharacterString>
					</mex:maximumOccurrence>
					<mex:domainValue>
						<gco:CharacterString/>
					</mex:domainValue>
					<mex:parentEntity>
						<gco:CharacterString>MD_Metadata</gco:CharacterString>
					</mex:parentEntity>
					<mex:rule>
						<gco:CharacterString>本項目屬核心搜尋項目</gco:CharacterString>
					</mex:rule>
					<mex:source>
						<cit:CI_Responsibility>
							<cit:role>
								<cit:CI_RoleCode codeList="http://standards.iso.org/iso/19115/resources/Codelist/cat/codeList.xml#CI_RoleCode" codeListValue="custodian">custodian</cit:CI_RoleCode>
							</cit:role>
							<cit:party>
								<cit:CI_Organisation>
									<cit:name>
										<gco:CharacterString>內政部</gco:CharacterString>
									</cit:name>
									<cit:contactInfo>
										<cit:CI_Contact>
											<cit:phone>
												<cit:CI_Telephone>
													<cit:number>
														<gco:CharacterString>+886-2-25132238</gco:CharacterString>
													</cit:number>
													<cit:numberType>
														<cit:CI_TelephoneTypeCode codeList="https://standards.iso.org/iso/19115/resources/Codelists/cat/codelists.xml#CI_
TelephoneTypeCode" codeListValue="office"/>
													</cit:numberType>
												</cit:CI_Telephone>
											</cit:phone>
											<cit:address>
												<cit:CI_Address>
													<cit:deliveryPoint>
														<gco:CharacterString>徐州路５號七樓</gco:CharacterString>
													</cit:deliveryPoint>
													<cit:city>
														<gco:CharacterString>臺北市中正區</gco:CharacterString>
													</cit:city>
													<cit:postalCode>
														<gco:CharacterString>10055</gco:CharacterString>
													</cit:postalCode>
													<cit:country>
														<gco:CharacterString>中華民國</gco:CharacterString>
													</cit:country>
													<cit:electronicMailAddress>
														<gco:CharacterString>moi1559@moi.gov.tw</gco:CharacterString>
													</cit:electronicMailAddress>
												</cit:CI_Address>
											</cit:address>
										</cit:CI_Contact>
									</cit:contactInfo>
								</cit:CI_Organisation>
							</cit:party>
						</cit:CI_Responsibility>
					</mex:source>
				</mex:MD_ExtendedElementInformation>
			</mex:extendedElementInformation>
			<mex:extendedElementInformation>
				<mex:MD_ExtendedElementInformation>
					<mex:name>
						<gco:CharacterString>resourceField</gco:CharacterString>
					</mex:name>
					<mex:definition>
						<gco:CharacterString>資料資源欄位之名稱及簡要說明。</gco:CharacterString>
					</mex:definition>
					<mex:obligation>
						<mex:MD_ObligationCode>mandatory</mex:MD_ObligationCode>
					</mex:obligation>
					<mex:dataType>
						<mex:MD_DatatypeCode codeList="http://standards.iso.
org/iso/19115/resources/Codelist/cat/codeLists.xml#MD_DatatypeCode" codeListValue="CharacterString"/>
					</mex:dataType>
					<mex:maximumOccurrence>
						<gco:CharacterString>1</gco:CharacterString>
					</mex:maximumOccurrence>
					<mex:domainValue>
						<gco:CharacterString></gco:CharacterString>
					</mex:domainValue>
					<mex:parentEntity>
						<gco:CharacterString>MD_Metadata</gco:CharacterString>
					</mex:parentEntity>
					<mex:rule>
						<gco:CharacterString>本項目屬核心搜尋項目</gco:CharacterString>
					</mex:rule>
					<mex:source>
						<cit:CI_Responsibility>
							<cit:role>
								<cit:CI_RoleCode codeList="http://standards.iso.org/iso/19115/resources/Codelist/cat/codeList.xml#CI_RoleCode" codeListValue="custodian">custodian</cit:CI_RoleCode>
							</cit:role>
							<cit:party>
								<cit:CI_Organisation>
									<cit:name>
										<gco:CharacterString>內政部</gco:CharacterString>
									</cit:name>
									<cit:contactInfo>
										<cit:CI_Contact>
											<cit:phone>
												<cit:CI_Telephone>
													<cit:number>
														<gco:CharacterString>+886-2-25132238</gco:CharacterString>
													</cit:number>
													<cit:numberType>
														<cit:CI_TelephoneTypeCode codeList="https://standards.iso.org/iso/19115/resources/Codelists/cat/codelists.xml#CI_
TelephoneTypeCode" codeListValue="office"/>
													</cit:numberType>
												</cit:CI_Telephone>
											</cit:phone>
											<cit:address>
												<cit:CI_Address>
													<cit:deliveryPoint>
														<gco:CharacterString>徐州路５號七樓</gco:CharacterString>
													</cit:deliveryPoint>
													<cit:city>
														<gco:CharacterString>臺北市中正區</gco:CharacterString>
													</cit:city>
													<cit:postalCode>
														<gco:CharacterString>10055</gco:CharacterString>
													</cit:postalCode>
													<cit:country>
														<gco:CharacterString>中華民國</gco:CharacterString>
													</cit:country>
													<cit:electronicMailAddress>
														<gco:CharacterString>moi1559@moi.gov.tw</gco:CharacterString>
													</cit:electronicMailAddress>
												</cit:CI_Address>
											</cit:address>
										</cit:CI_Contact>
									</cit:contactInfo>
								</cit:CI_Organisation>
							</cit:party>
						</cit:CI_Responsibility>
					</mex:source>
				</mex:MD_ExtendedElementInformation>
			</mex:extendedElementInformation>
			<mex:extendedElementInformation>
				<mex:MD_ExtendedElementInformation>
					<mex:name>
						<gco:CharacterString>resourceAmount</gco:CharacterString>
					</mex:name>
					<mex:definition>
						<gco:CharacterString>資料資源所收錄之資料筆數。</gco:CharacterString>
					</mex:definition>
					<mex:obligation>
						<mex:MD_ObligationCode>optional</mex:MD_ObligationCode>
					</mex:obligation>
					<mex:dataType>
						<mex:MD_DatatypeCode codeList="http://standards.iso.
org/iso/19115/resources/Codelist/cat/codeLists.xml#MD_DatatypeCode" codeListValue="CharacterString"/>
					</mex:dataType>
					<mex:maximumOccurrence>
						<gco:CharacterString>1</gco:CharacterString>
					</mex:maximumOccurrence>
					<mex:domainValue>
						<gco:CharacterString/>
					</mex:domainValue>
					<mex:parentEntity>
						<gco:CharacterString>MD_Metadata</gco:CharacterString>
					</mex:parentEntity>
					<mex:rule>
						<gco:CharacterString>本項目屬核心搜尋項目</gco:CharacterString>
					</mex:rule>
					<mex:source>
						<cit:CI_Responsibility>
							<cit:role>
								<cit:CI_RoleCode codeList="http://standards.iso.org/iso/19115/resources/Codelist/cat/codeList.xml#CI_RoleCode" codeListValue="custodian">custodian</cit:CI_RoleCode>
							</cit:role>
							<cit:party>
								<cit:CI_Organisation>
									<cit:name>
										<gco:CharacterString>內政部</gco:CharacterString>
									</cit:name>
									<cit:contactInfo>
										<cit:CI_Contact>
											<cit:phone>
												<cit:CI_Telephone>
													<cit:number>
														<gco:CharacterString>+886-2-25132238</gco:CharacterString>
													</cit:number>
													<cit:numberType>
														<cit:CI_TelephoneTypeCode codeList="https://standards.iso.org/iso/19115/resources/Codelists/cat/codelists.xml#CI_
TelephoneTypeCode" codeListValue="office"/>
													</cit:numberType>
												</cit:CI_Telephone>
											</cit:phone>
											<cit:address>
												<cit:CI_Address>
													<cit:deliveryPoint>
														<gco:CharacterString>徐州路５號七樓</gco:CharacterString>
													</cit:deliveryPoint>
													<cit:city>
														<gco:CharacterString>臺北市中正區</gco:CharacterString>
													</cit:city>
													<cit:postalCode>
														<gco:CharacterString>10055</gco:CharacterString>
													</cit:postalCode>
													<cit:country>
														<gco:CharacterString>中華民國</gco:CharacterString>
													</cit:country>
													<cit:electronicMailAddress>
														<gco:CharacterString>moi1559@moi.gov.tw</gco:CharacterString>
													</cit:electronicMailAddress>
												</cit:CI_Address>
											</cit:address>
										</cit:CI_Contact>
									</cit:contactInfo>
								</cit:CI_Organisation>
							</cit:party>
						</cit:CI_Responsibility>
					</mex:source>
				</mex:MD_ExtendedElementInformation>
			</mex:extendedElementInformation>
			<mex:extendedElementInformation>
				<mex:MD_ExtendedElementInformation>
					<mex:name>
						<gco:CharacterString>resourceNotes</gco:CharacterString>
					</mex:name>
					<mex:definition>
						<gco:CharacterString>資料資源相關資訊備註說明。</gco:CharacterString>
					</mex:definition>
					<mex:obligation>
						<mex:MD_ObligationCode>optional</mex:MD_ObligationCode>
					</mex:obligation>
					<mex:dataType>
						<mex:MD_DatatypeCode codeList="http://standards.iso.
org/iso/19115/resources/Codelist/cat/codeLists.xml#MD_DatatypeCode" codeListValue="CharacterString"/>
					</mex:dataType>
					<mex:maximumOccurrence>
						<gco:CharacterString>1</gco:CharacterString>
					</mex:maximumOccurrence>
					<mex:domainValue>
						<gco:CharacterString/>
					</mex:domainValue>
					<mex:parentEntity>
						<gco:CharacterString>MD_Metadata</gco:CharacterString>
					</mex:parentEntity>
					<mex:rule>
						<gco:CharacterString>本項目屬核心搜尋項目</gco:CharacterString>
					</mex:rule>
					<mex:source>
						<cit:CI_Responsibility>
							<cit:role>
								<cit:CI_RoleCode codeList="http://standards.iso.org/iso/19115/resources/Codelist/cat/codeList.xml#CI_RoleCode" codeListValue="custodian">custodian</cit:CI_RoleCode>
							</cit:role>
							<cit:party>
								<cit:CI_Organisation>
									<cit:name>
										<gco:CharacterString>內政部</gco:CharacterString>
									</cit:name>
									<cit:contactInfo>
										<cit:CI_Contact>
											<cit:phone>
												<cit:CI_Telephone>
													<cit:number>
														<gco:CharacterString>+886-2-25132238</gco:CharacterString>
													</cit:number>
													<cit:numberType>
														<cit:CI_TelephoneTypeCode codeList="https://standards.iso.org/iso/19115/resources/Codelists/cat/codelists.xml#CI_
TelephoneTypeCode" codeListValue="office"/>
													</cit:numberType>
												</cit:CI_Telephone>
											</cit:phone>
											<cit:address>
												<cit:CI_Address>
													<cit:deliveryPoint>
														<gco:CharacterString>徐州路５號七樓</gco:CharacterString>
													</cit:deliveryPoint>
													<cit:city>
														<gco:CharacterString>臺北市中正區</gco:CharacterString>
													</cit:city>
													<cit:postalCode>
														<gco:CharacterString>10055</gco:CharacterString>
													</cit:postalCode>
													<cit:country>
														<gco:CharacterString>中華民國</gco:CharacterString>
													</cit:country>
													<cit:electronicMailAddress>
														<gco:CharacterString>moi1559@moi.gov.tw</gco:CharacterString>
													</cit:electronicMailAddress>
												</cit:CI_Address>
											</cit:address>
										</cit:CI_Contact>
									</cit:contactInfo>
								</cit:CI_Organisation>
							</cit:party>
						</cit:CI_Responsibility>
					</mex:source>
				</mex:MD_ExtendedElementInformation>
			</mex:extendedElementInformation>
			<mex:extendedElementInformation>
				<mex:MD_ExtendedElementInformation>
					<mex:name>
						<gco:CharacterString>qcLevel</gco:CharacterString>
					</mex:name>
					<mex:definition>
						<gco:CharacterString>指定巢狀結構化檔案格式品質檢測區段 </gco:CharacterString>
					</mex:definition>
					<mex:obligation>
						<mex:MD_ObligationCode>optional</mex:MD_ObligationCode>
					</mex:obligation>
					<mex:dataType>
						<mex:MD_DatatypeCode codeList="http://standards.iso.
org/iso/19115/resources/Codelist/cat/codeLists.xml#MD_DatatypeCode" codeListValue="CharacterString"/>
					</mex:dataType>
					<mex:maximumOccurrence>
						<gco:CharacterString>1</gco:CharacterString>
					</mex:maximumOccurrence>
					<mex:domainValue>
						<gco:CharacterString/>
					</mex:domainValue>
					<mex:parentEntity>
						<gco:CharacterString>MD_Metadata</gco:CharacterString>
					</mex:parentEntity>
					<mex:rule>
						<gco:CharacterString>本項目屬核心搜尋項目</gco:CharacterString>
					</mex:rule>
					<mex:source>
						<cit:CI_Responsibility>
							<cit:role>
								<cit:CI_RoleCode codeList="http://standards.iso.org/iso/19115/resources/Codelist/cat/codeList.xml#CI_RoleCode" codeListValue="custodian">custodian</cit:CI_RoleCode>
							</cit:role>
							<cit:party>
								<cit:CI_Organisation>
									<cit:name>
										<gco:CharacterString>內政部</gco:CharacterString>
									</cit:name>
									<cit:contactInfo>
										<cit:CI_Contact>
											<cit:phone>
												<cit:CI_Telephone>
													<cit:number>
														<gco:CharacterString>+886-2-25132238</gco:CharacterString>
													</cit:number>
													<cit:numberType>
														<cit:CI_TelephoneTypeCode codeList="https://standards.iso.org/iso/19115/resources/Codelists/cat/codelists.xml#CI_
TelephoneTypeCode" codeListValue="office"/>
													</cit:numberType>
												</cit:CI_Telephone>
											</cit:phone>
											<cit:address>
												<cit:CI_Address>
													<cit:deliveryPoint>
														<gco:CharacterString>徐州路５號七樓</gco:CharacterString>
													</cit:deliveryPoint>
													<cit:city>
														<gco:CharacterString>臺北市中正區</gco:CharacterString>
													</cit:city>
													<cit:postalCode>
														<gco:CharacterString>10055</gco:CharacterString>
													</cit:postalCode>
													<cit:country>
														<gco:CharacterString>中華民國</gco:CharacterString>
													</cit:country>
													<cit:electronicMailAddress>
														<gco:CharacterString>moi1559@moi.gov.tw</gco:CharacterString>
													</cit:electronicMailAddress>
												</cit:CI_Address>
											</cit:address>
										</cit:CI_Contact>
									</cit:contactInfo>
								</cit:CI_Organisation>
							</cit:party>
						</cit:CI_Responsibility>
					</mex:source>
				</mex:MD_ExtendedElementInformation>
			</mex:extendedElementInformation>
			<mex:extendedElementInformation>
				<mex:MD_ExtendedElementInformation>
					<mex:name>
						<gco:CharacterString>attribute</gco:CharacterString>
					</mex:name>
					<mex:definition>
						<gco:CharacterString>多元屬性。對應分類屬性，可以允許多元屬性。</gco:CharacterString>
					</mex:definition>
					<mex:obligation>
						<mex:MD_ObligationCode>optional</mex:MD_ObligationCode>
					</mex:obligation>
					<mex:dataType>
						<mex:MD_DatatypeCode codeList="http://standards.iso.
org/iso/19115/resources/Codelist/cat/codeLists.xml#MD_DatatypeCode" codeListValue="CharacterString"/>
					</mex:dataType>
					<mex:maximumOccurrence>
						<gco:CharacterString>N</gco:CharacterString>
					</mex:maximumOccurrence>
					<mex:domainValue>
						<gco:CharacterString></gco:CharacterString>
					</mex:domainValue>
					<mex:parentEntity>
						<gco:CharacterString>MD_Metadata</gco:CharacterString>
					</mex:parentEntity>
					<mex:rule>
						<gco:CharacterString>本項目屬核心搜尋項目</gco:CharacterString>
					</mex:rule>
					<mex:source>
						<cit:CI_Responsibility>
							<cit:role>
								<cit:CI_RoleCode codeList="http://standards.iso.org/iso/19115/resources/Codelist/cat/codeList.xml#CI_RoleCode" codeListValue="custodian">custodian</cit:CI_RoleCode>
							</cit:role>
							<cit:party>
								<cit:CI_Organisation>
									<cit:name>
										<gco:CharacterString>內政部</gco:CharacterString>
									</cit:name>
									<cit:contactInfo>
										<cit:CI_Contact>
											<cit:phone>
												<cit:CI_Telephone>
													<cit:number>
														<gco:CharacterString>+886-2-25132238</gco:CharacterString>
													</cit:number>
													<cit:numberType>
														<cit:CI_TelephoneTypeCode codeList="https://standards.iso.org/iso/19115/resources/Codelists/cat/codelists.xml#CI_
TelephoneTypeCode" codeListValue="office"/>
													</cit:numberType>
												</cit:CI_Telephone>
											</cit:phone>
											<cit:address>
												<cit:CI_Address>
													<cit:deliveryPoint>
														<gco:CharacterString>徐州路５號七樓</gco:CharacterString>
													</cit:deliveryPoint>
													<cit:city>
														<gco:CharacterString>臺北市中正區</gco:CharacterString>
													</cit:city>
													<cit:postalCode>
														<gco:CharacterString>10055</gco:CharacterString>
													</cit:postalCode>
													<cit:country>
														<gco:CharacterString>中華民國</gco:CharacterString>
													</cit:country>
													<cit:electronicMailAddress>
														<gco:CharacterString>moi1559@moi.gov.tw</gco:CharacterString>
													</cit:electronicMailAddress>
												</cit:CI_Address>
											</cit:address>
										</cit:CI_Contact>
									</cit:contactInfo>
								</cit:CI_Organisation>
							</cit:party>
						</cit:CI_Responsibility>
					</mex:source>
				</mex:MD_ExtendedElementInformation>
			</mex:extendedElementInformation>
			<mex:extendedElementInformation>
				<mex:MD_ExtendedElementInformation>
					<mex:name>
						<gco:CharacterString>level</gco:CharacterString>
					</mex:name>
					<mex:definition>
						<gco:CharacterString>多元分級。對應國家空間資料資產之分級定義。</gco:CharacterString>
					</mex:definition>
					<mex:obligation>
						<mex:MD_ObligationCode>mandatory</mex:MD_ObligationCode>
					</mex:obligation>
					<mex:dataType>
						<mex:MD_DatatypeCode codeList="http://standards.iso.
org/iso/19115/resources/Codelist/cat/codeLists.xml#MD_DatatypeCode" codeListValue="CharacterString"/>
					</mex:dataType>
					<mex:maximumOccurrence>
						<gco:CharacterString>N</gco:CharacterString>
					</mex:maximumOccurrence>
					<mex:domainValue>
						<gco:CharacterString></gco:CharacterString>
					</mex:domainValue>
					<mex:parentEntity>
						<gco:CharacterString>MD_Metadata</gco:CharacterString>
					</mex:parentEntity>
					<mex:rule>
						<gco:CharacterString>本項目屬核心搜尋項目</gco:CharacterString>
					</mex:rule>
					<mex:source>
						<cit:CI_Responsibility>
							<cit:role>
								<cit:CI_RoleCode codeList="http://standards.iso.org/iso/19115/resources/Codelist/cat/codeList.xml#CI_RoleCode" codeListValue="custodian">custodian</cit:CI_RoleCode>
							</cit:role>
							<cit:party>
								<cit:CI_Organisation>
									<cit:name>
										<gco:CharacterString>內政部</gco:CharacterString>
									</cit:name>
									<cit:contactInfo>
										<cit:CI_Contact>
											<cit:phone>
												<cit:CI_Telephone>
													<cit:number>
														<gco:CharacterString>+886-2-25132238</gco:CharacterString>
													</cit:number>
													<cit:numberType>
														<cit:CI_TelephoneTypeCode codeList="https://standards.iso.org/iso/19115/resources/Codelists/cat/codelists.xml#CI_
TelephoneTypeCode" codeListValue="office"/>
													</cit:numberType>
												</cit:CI_Telephone>
											</cit:phone>
											<cit:address>
												<cit:CI_Address>
													<cit:deliveryPoint>
														<gco:CharacterString>徐州路５號七樓</gco:CharacterString>
													</cit:deliveryPoint>
													<cit:city>
														<gco:CharacterString>臺北市中正區</gco:CharacterString>
													</cit:city>
													<cit:postalCode>
														<gco:CharacterString>10055</gco:CharacterString>
													</cit:postalCode>
													<cit:country>
														<gco:CharacterString>中華民國</gco:CharacterString>
													</cit:country>
													<cit:electronicMailAddress>
														<gco:CharacterString>moi1559@moi.gov.tw</gco:CharacterString>
													</cit:electronicMailAddress>
												</cit:CI_Address>
											</cit:address>
										</cit:CI_Contact>
									</cit:contactInfo>
								</cit:CI_Organisation>
							</cit:party>
						</cit:CI_Responsibility>
					</mex:source>
				</mex:MD_ExtendedElementInformation>
			</mex:extendedElementInformation>
			<mex:extendedElementInformation>
				<mex:MD_ExtendedElementInformation>
					<mex:name>
						<gco:CharacterString>lma</gco:CharacterString>
					</mex:name>
					<mex:definition>
						<gco:CharacterString>管理能力。依據圖資生命週期評估結果，分成尚未發展、初等管理能力、中等管理能力、高等管理能力等四級。</gco:CharacterString>
					</mex:definition>
					<mex:obligation>
						<mex:MD_ObligationCode>optional</mex:MD_ObligationCode>
					</mex:obligation>
					<mex:dataType>
						<mex:MD_DatatypeCode codeList="http://standards.iso.
org/iso/19115/resources/Codelist/cat/codeLists.xml#MD_DatatypeCode" codeListValue="CharacterString"/>
					</mex:dataType>
					<mex:maximumOccurrence>
						<gco:CharacterString></gco:CharacterString>
					</mex:maximumOccurrence>
					<mex:domainValue>
						<gco:CharacterString/>
					</mex:domainValue>
					<mex:parentEntity>
						<gco:CharacterString>MD_Metadata</gco:CharacterString>
					</mex:parentEntity>
					<mex:rule>
						<gco:CharacterString>本項目屬核心搜尋項目</gco:CharacterString>
					</mex:rule>
					<mex:source>
						<cit:CI_Responsibility>
							<cit:role>
								<cit:CI_RoleCode codeList="http://standards.iso.org/iso/19115/resources/Codelist/cat/codeList.xml#CI_RoleCode" codeListValue="custodian">custodian</cit:CI_RoleCode>
							</cit:role>
							<cit:party>
								<cit:CI_Organisation>
									<cit:name>
										<gco:CharacterString>內政部</gco:CharacterString>
									</cit:name>
									<cit:contactInfo>
										<cit:CI_Contact>
											<cit:phone>
												<cit:CI_Telephone>
													<cit:number>
														<gco:CharacterString>+886-2-25132238</gco:CharacterString>
													</cit:number>
													<cit:numberType>
														<cit:CI_TelephoneTypeCode codeList="https://standards.iso.org/iso/19115/resources/Codelists/cat/codelists.xml#CI_
TelephoneTypeCode" codeListValue="office"/>
													</cit:numberType>
												</cit:CI_Telephone>
											</cit:phone>
											<cit:address>
												<cit:CI_Address>
													<cit:deliveryPoint>
														<gco:CharacterString>徐州路５號七樓</gco:CharacterString>
													</cit:deliveryPoint>
													<cit:city>
														<gco:CharacterString>臺北市中正區</gco:CharacterString>
													</cit:city>
													<cit:postalCode>
														<gco:CharacterString>10055</gco:CharacterString>
													</cit:postalCode>
													<cit:country>
														<gco:CharacterString>中華民國</gco:CharacterString>
													</cit:country>
													<cit:electronicMailAddress>
														<gco:CharacterString>moi1559@moi.gov.tw</gco:CharacterString>
													</cit:electronicMailAddress>
												</cit:CI_Address>
											</cit:address>
										</cit:CI_Contact>
									</cit:contactInfo>
								</cit:CI_Organisation>
							</cit:party>
						</cit:CI_Responsibility>
					</mex:source>
				</mex:MD_ExtendedElementInformation>
			</mex:extendedElementInformation>
			<mex:extendedElementInformation>
				<mex:MD_ExtendedElementInformation>
					<mex:name>
						<gco:CharacterString>publish</gco:CharacterString>
					</mex:name>
					<mex:definition>
						<gco:CharacterString>限制開放欄位。在部分研究規劃圖資尚未完成前先不開放，以開放為原則，限制開放為例外。</gco:CharacterString>
					</mex:definition>
					<mex:obligation>
						<mex:MD_ObligationCode>optional</mex:MD_ObligationCode>
					</mex:obligation>
					<mex:dataType>
						<mex:MD_DatatypeCode codeList="http://standards.iso.
org/iso/19115/resources/Codelist/cat/codeLists.xml#MD_DatatypeCode" codeListValue="CharacterString"/>
					</mex:dataType>
					<mex:maximumOccurrence>
						<gco:CharacterString></gco:CharacterString>
					</mex:maximumOccurrence>
					<mex:domainValue>
						<gco:CharacterString/>
					</mex:domainValue>
					<mex:parentEntity>
						<gco:CharacterString>MD_Metadata</gco:CharacterString>
					</mex:parentEntity>
					<mex:rule>
						<gco:CharacterString>本項目屬核心搜尋項目</gco:CharacterString>
					</mex:rule>
					<mex:source>
						<cit:CI_Responsibility>
							<cit:role>
								<cit:CI_RoleCode codeList="http://standards.iso.org/iso/19115/resources/Codelist/cat/codeList.xml#CI_RoleCode" codeListValue="custodian">custodian</cit:CI_RoleCode>
							</cit:role>
							<cit:party>
								<cit:CI_Organisation>
									<cit:name>
										<gco:CharacterString>內政部</gco:CharacterString>
									</cit:name>
									<cit:contactInfo>
										<cit:CI_Contact>
											<cit:phone>
												<cit:CI_Telephone>
													<cit:number>
														<gco:CharacterString>+886-2-25132238</gco:CharacterString>
													</cit:number>
													<cit:numberType>
														<cit:CI_TelephoneTypeCode codeList="https://standards.iso.org/iso/19115/resources/Codelists/cat/codelists.xml#CI_
TelephoneTypeCode" codeListValue="office"/>
													</cit:numberType>
												</cit:CI_Telephone>
											</cit:phone>
											<cit:address>
												<cit:CI_Address>
													<cit:deliveryPoint>
														<gco:CharacterString>徐州路５號七樓</gco:CharacterString>
													</cit:deliveryPoint>
													<cit:city>
														<gco:CharacterString>臺北市中正區</gco:CharacterString>
													</cit:city>
													<cit:postalCode>
														<gco:CharacterString>10055</gco:CharacterString>
													</cit:postalCode>
													<cit:country>
														<gco:CharacterString>中華民國</gco:CharacterString>
													</cit:country>
													<cit:electronicMailAddress>
														<gco:CharacterString>moi1559@moi.gov.tw</gco:CharacterString>
													</cit:electronicMailAddress>
												</cit:CI_Address>
											</cit:address>
										</cit:CI_Contact>
									</cit:contactInfo>
								</cit:CI_Organisation>
							</cit:party>
						</cit:CI_Responsibility>
					</mex:source>
				</mex:MD_ExtendedElementInformation>
			</mex:extendedElementInformation>
			<mex:extendedElementInformation>
				<mex:MD_ExtendedElementInformation>
					<mex:name>
						<gco:CharacterString>openlevel</gco:CharacterString>
					</mex:name>
					<mex:definition>
						<gco:CharacterString>開放資料星等。國家空間資料資產與開放資料星等的對應；若國家空間資料資產為非開放資料，就註記「非開放資料」，其餘寫對應可寫「一星、二星、三星、四星、五星」。</gco:CharacterString>
					</mex:definition>
					<mex:obligation>
						<mex:MD_ObligationCode>optional</mex:MD_ObligationCode>
					</mex:obligation>
					<mex:dataType>
						<mex:MD_DatatypeCode codeList="http://standards.iso.
org/iso/19115/resources/Codelist/cat/codeLists.xml#MD_DatatypeCode" codeListValue="CharacterString"/>
					</mex:dataType>
					<mex:maximumOccurrence>
						<gco:CharacterString></gco:CharacterString>
					</mex:maximumOccurrence>
					<mex:domainValue>
						<gco:CharacterString/>
					</mex:domainValue>
					<mex:parentEntity>
						<gco:CharacterString>MD_Metadata</gco:CharacterString>
					</mex:parentEntity>
					<mex:rule>
						<gco:CharacterString>本項目屬核心搜尋項目</gco:CharacterString>
					</mex:rule>
					<mex:source>
						<cit:CI_Responsibility>
							<cit:role>
								<cit:CI_RoleCode codeList="http://standards.iso.org/iso/19115/resources/Codelist/cat/codeList.xml#CI_RoleCode" codeListValue="custodian">custodian</cit:CI_RoleCode>
							</cit:role>
							<cit:party>
								<cit:CI_Organisation>
									<cit:name>
										<gco:CharacterString>內政部</gco:CharacterString>
									</cit:name>
									<cit:contactInfo>
										<cit:CI_Contact>
											<cit:phone>
												<cit:CI_Telephone>
													<cit:number>
														<gco:CharacterString>+886-2-25132238</gco:CharacterString>
													</cit:number>
													<cit:numberType>
														<cit:CI_TelephoneTypeCode codeList="https://standards.iso.org/iso/19115/resources/Codelists/cat/codelists.xml#CI_
TelephoneTypeCode" codeListValue="office"/>
													</cit:numberType>
												</cit:CI_Telephone>
											</cit:phone>
											<cit:address>
												<cit:CI_Address>
													<cit:deliveryPoint>
														<gco:CharacterString>徐州路５號七樓</gco:CharacterString>
													</cit:deliveryPoint>
													<cit:city>
														<gco:CharacterString>臺北市中正區</gco:CharacterString>
													</cit:city>
													<cit:postalCode>
														<gco:CharacterString>10055</gco:CharacterString>
													</cit:postalCode>
													<cit:country>
														<gco:CharacterString>中華民國</gco:CharacterString>
													</cit:country>
													<cit:electronicMailAddress>
														<gco:CharacterString>moi1559@moi.gov.tw</gco:CharacterString>
													</cit:electronicMailAddress>
												</cit:CI_Address>
											</cit:address>
										</cit:CI_Contact>
									</cit:contactInfo>
								</cit:CI_Organisation>
							</cit:party>
						</cit:CI_Responsibility>
					</mex:source>
				</mex:MD_ExtendedElementInformation>
			</mex:extendedElementInformation>
			<mex:extendedElementInformation>
				<mex:MD_ExtendedElementInformation>
					<mex:name>
						<gco:CharacterString>dbbgroup</gco:CharacterString>
					</mex:name>
					<mex:definition>
						<gco:CharacterString>資料庫分組。對應九大資料庫分組名稱。</gco:CharacterString>
					</mex:definition>
					<mex:obligation>
						<mex:MD_ObligationCode>optional</mex:MD_ObligationCode>
					</mex:obligation>
					<mex:dataType>
						<mex:MD_DatatypeCode codeList="http://standards.iso.
org/iso/19115/resources/Codelist/cat/codeLists.xml#MD_DatatypeCode" codeListValue="CharacterString"/>
					</mex:dataType>
					<mex:maximumOccurrence>
						<gco:CharacterString></gco:CharacterString>
					</mex:maximumOccurrence>
					<mex:domainValue>
						<gco:CharacterString/>
					</mex:domainValue>
					<mex:parentEntity>
						<gco:CharacterString>MD_Metadata</gco:CharacterString>
					</mex:parentEntity>
					<mex:rule>
						<gco:CharacterString>本項目屬核心搜尋項目</gco:CharacterString>
					</mex:rule>
					<mex:source>
						<cit:CI_Responsibility>
							<cit:role>
								<cit:CI_RoleCode codeList="http://standards.iso.org/iso/19115/resources/Codelist/cat/codeList.xml#CI_RoleCode" codeListValue="custodian">custodian</cit:CI_RoleCode>
							</cit:role>
							<cit:party>
								<cit:CI_Organisation>
									<cit:name>
										<gco:CharacterString>內政部</gco:CharacterString>
									</cit:name>
									<cit:contactInfo>
										<cit:CI_Contact>
											<cit:phone>
												<cit:CI_Telephone>
													<cit:number>
														<gco:CharacterString>+886-2-25132238</gco:CharacterString>
													</cit:number>
													<cit:numberType>
														<cit:CI_TelephoneTypeCode codeList="https://standards.iso.org/iso/19115/resources/Codelists/cat/codelists.xml#CI_
TelephoneTypeCode" codeListValue="office"/>
													</cit:numberType>
												</cit:CI_Telephone>
											</cit:phone>
											<cit:address>
												<cit:CI_Address>
													<cit:deliveryPoint>
														<gco:CharacterString>徐州路５號七樓</gco:CharacterString>
													</cit:deliveryPoint>
													<cit:city>
														<gco:CharacterString>臺北市中正區</gco:CharacterString>
													</cit:city>
													<cit:postalCode>
														<gco:CharacterString>10055</gco:CharacterString>
													</cit:postalCode>
													<cit:country>
														<gco:CharacterString>中華民國</gco:CharacterString>
													</cit:country>
													<cit:electronicMailAddress>
														<gco:CharacterString>moi1559@moi.gov.tw</gco:CharacterString>
													</cit:electronicMailAddress>
												</cit:CI_Address>
											</cit:address>
										</cit:CI_Contact>
									</cit:contactInfo>
								</cit:CI_Organisation>
							</cit:party>
						</cit:CI_Responsibility>
					</mex:source>
				</mex:MD_ExtendedElementInformation>
			</mex:extendedElementInformation>
		</mex:MD_MetadataExtensionInformation>
	</mdb:metadataExtensionInfo>
	<mdb:identificationInfo>
		<mri:MD_DataIdentification>
			<mri:citation>
				<cit:CI_Citation>
					<cit:title>
						<gco:CharacterString>捷運車站</gco:CharacterString>
					</cit:title>
					<cit:date>
						<cit:CI_Date>
							<cit:date>
								<gco:DateTime>2017-11-27T12:00:00</gco:DateTime>
							</cit:date>
							<cit:dateType>
								<cit:CI_DateTypeCode codeList="http://standards.iso.org/iso/19115/resources/Codelist/cat/codelists.xml#CI_DateTypeCode" codeListValue="publication">publication</cit:CI_DateTypeCode>
							</cit:dateType>
						</cit:CI_Date>
					</cit:date>
					<cit:citedResponsibleParty>
						<cit:CI_Responsibility>
							<cit:role>
								<cit:CI_RoleCode codeList="http://standards.iso.org/iso/19115/resources/Codelist/cat/codelists.xml#CI_RoleCode" codeListValue="custodian">custodian</cit:CI_RoleCode>
							</cit:role>
							<cit:party>
								<cit:CI_Organisation>
									<cit:name>
										<gco:CharacterString>內政部國土測繪中心</gco:CharacterString>
									</cit:name>
									<cit:contactInfo>
										<cit:CI_Contact>
											<cit:phone>
												<cit:CI_Telephone>
													<cit:number>
														<gco:CharacterString>+886-4-22522966</gco:CharacterString>
													</cit:number>
													<cit:numberType>
														<cit:CI_TelephoneTypeCode codeList="http://standards.iso.org/iso/19115/resources/Codelist/cat/codelists.xml#CI_TelephoneTypeCode" codeListValue="voice">voice</cit:CI_TelephoneTypeCode>
													</cit:numberType>
												</cit:CI_Telephone>
											</cit:phone>
											<cit:address>
												<cit:CI_Address>
													<cit:deliveryPoint>
														<gco:CharacterString></gco:CharacterString>
													</cit:deliveryPoint>
													<cit:city>
														<gco:CharacterString></gco:CharacterString>
													</cit:city>
													<cit:administrativeArea>
														<gco:CharacterString></gco:CharacterString>
													</cit:administrativeArea>
													<cit:postalCode>
														<gco:CharacterString></gco:CharacterString>
													</cit:postalCode>
													<cit:country>
														<gco:CharacterString>中華民國</gco:CharacterString>
													</cit:country>
													<cit:electronicMailAddress>
														<gco:CharacterString></gco:CharacterString>
													</cit:electronicMailAddress>
												</cit:CI_Address>
											</cit:address>
										</cit:CI_Contact>
									</cit:contactInfo>
									<cit:individual>
										<cit:CI_Individual>
											<cit:name>
												<gco:CharacterString>內政部國土測繪中心</gco:CharacterString>
											</cit:name>
											<cit:positionName>
												<gco:CharacterString></gco:CharacterString>
											</cit:positionName>
										</cit:CI_Individual>
									</cit:individual>
								</cit:CI_Organisation>
							</cit:party>
						</cit:CI_Responsibility>
					</cit:citedResponsibleParty>
				</cit:CI_Citation>
			</mri:citation>
			<mri:abstract>
				<gco:CharacterString>「臺灣地區交通路網數值圖資料檔」之全臺捷運車站位置及名稱</gco:CharacterString>
			</mri:abstract>
			<mri:purpose>
				<gco:CharacterString>為整合政府資源，自106年度起將交通部「交通路網數值圖」併入本中心「臺灣通用電子地圖」更新，依據雙方共同訂定之圖層架構建置「臺灣地區交通路網圖數值資料檔」，並歸類歸類為臺灣通用電子地圖主題圖層之一。為配合政府推動資料開放政策(Open Data)，本中心開放「臺灣地區交通路網數值圖資料檔」部分圖資提供大眾瀏覽使用，促使跨機關資料流通，提升施政效能及滿足民眾需求，期以運用政府公開資料創造知識資產及便民服務。</gco:CharacterString>
			</mri:purpose>
			<mri:status>
				<mcc:MD_ProgressCode codeList="http://standards.iso.org/iso/19115/resources/Codelist/cat/codelists.xml#MD_ProgressCode" codeListValue="onGoing">onGoing</mcc:MD_ProgressCode>
			</mri:status>
			<mri:pointOfContact>
				<cit:CI_Responsibility>
					<cit:role>
						<cit:CI_RoleCode codeList="http://standards.iso.org/iso/19115/resources/Codelist/cat/codelists.xml#CI_RoleCode" codeListValue="pointOfContact">pointOfContact</cit:CI_RoleCode>
					</cit:role>
					<cit:party>
						<cit:CI_Organisation>
							<cit:name>
								<gco:CharacterString>內政部國土測繪中心</gco:CharacterString>
							</cit:name>
							<cit:contactInfo>
								<cit:CI_Contact>
									<cit:phone>
										<cit:CI_Telephone>
											<cit:number>
												<gco:CharacterString>+886-4-22522966</gco:CharacterString>
											</cit:number>
											<cit:numberType>
												<cit:CI_TelephoneTypeCode codeList="http://standards.iso.org/iso/19115/resources/Codelist/cat/codelists.xml#CI_TelephoneTypeCode" codeListValue="voice">voice</cit:CI_TelephoneTypeCode>
											</cit:numberType>
										</cit:CI_Telephone>
									</cit:phone>
									<cit:address>
										<cit:CI_Address>
											<cit:deliveryPoint>
												<gco:CharacterString></gco:CharacterString>
											</cit:deliveryPoint>
											<cit:city>
												<gco:CharacterString></gco:CharacterString>
											</cit:city>
											<cit:administrativeArea>
												<gco:CharacterString></gco:CharacterString>
											</cit:administrativeArea>
											<cit:postalCode>
												<gco:CharacterString></gco:CharacterString>
											</cit:postalCode>
											<cit:country>
												<gco:CharacterString>中華民國</gco:CharacterString>
											</cit:country>
											<cit:electronicMailAddress>
												<gco:CharacterString></gco:CharacterString>
											</cit:electronicMailAddress>
										</cit:CI_Address>
									</cit:address>
								</cit:CI_Contact>
							</cit:contactInfo>
							<cit:individual>
								<cit:CI_Individual>
									<cit:name>
										<gco:CharacterString>內政部國土測繪中心</gco:CharacterString>
									</cit:name>
									<cit:positionName>
										<gco:CharacterString></gco:CharacterString>
									</cit:positionName>
								</cit:CI_Individual>
							</cit:individual>
						</cit:CI_Organisation>
					</cit:party>
				</cit:CI_Responsibility>
			</mri:pointOfContact>
			<mri:topicCategory><mri:MD_TopicCategoryCode>imageryBaseMapsEarthCover</mri:MD_TopicCategoryCode></mri:topicCategory>
			<mri:extent>
				<gex:EX_Extent>
					<gex:geographicElement>
						<gex:EX_GeographicBoundingBox>
							<gex:westBoundLongitude>
								<gco:Decimal>117.030531416</gco:Decimal>
							</gex:westBoundLongitude>
							<gex:eastBoundLongitude>
								<gco:Decimal>21.629396356</gco:Decimal>
							</gex:eastBoundLongitude>
							<gex:southBoundLatitude>
								<gco:Decimal>125.758255825</gco:Decimal>
							</gex:southBoundLatitude>
							<gex:northBoundLatitude>
								<gco:Decimal>26.615140735</gco:Decimal>
							</gex:northBoundLatitude>
						</gex:EX_GeographicBoundingBox>
					</gex:geographicElement>
				</gex:EX_Extent>
			</mri:extent>
			<mri:resourceMaintenance>
				<mmi:MD_MaintenanceInformation>
					<mmi:maintenanceAndUpdateFrequency>
						<mmi:MD_MaintenanceFrequencyCode codeList="http://standards.iso.org/iso/19115/resources/Codelist/cat/codeLists.xml#MD_MaintenanceFrequencyCode" codeListValue="irregular">irregular</mmi:MD_MaintenanceFrequencyCode>
					</mmi:maintenanceAndUpdateFrequency>
				</mmi:MD_MaintenanceInformation>
			</mri:resourceMaintenance>
			<mri:descriptiveKeywords>
				<mri:MD_Keywords><mri:keyword><gco:CharacterString>交通路網</gco:CharacterString></mri:keyword><mri:keyword><gco:CharacterString>道路中線</gco:CharacterString></mri:keyword><mri:keyword><gco:CharacterString>鐵路</gco:CharacterString></mri:keyword><mri:keyword><gco:CharacterString>捷運</gco:CharacterString></mri:keyword><mri:keyword><gco:CharacterString>地標</gco:CharacterString></mri:keyword><mri:keyword><gco:CharacterString>臺灣通用電子地圖</gco:CharacterString></mri:keyword></mri:MD_Keywords>
			</mri:descriptiveKeywords>
			<mri:defaultLocale>
				<lan:PT_Locale>
					<lan:language>
						<lan:LanguageCode codeList="http://standards.iso.org/iso/19115/resources/Codelist/lan/LanguageCode.xml" codeListValue="eng">English</lan:LanguageCode>
					</lan:language>
					<lan:characterEncoding>
						<lan:MD_CharacterSetCode codeList="http://standards.iso.org/iso/19115/resources/Codelist/lan/CharacterSetCode.xml" codeListValue="utf8">UTF-8</lan:MD_CharacterSetCode>
					</lan:characterEncoding>
				</lan:PT_Locale>
			</mri:defaultLocale>
		</mri:MD_DataIdentification>
	</mdb:identificationInfo>
	<mdb:distributionInfo>
		<mrd:MD_Distribution>
			<mrd:distributionFormat>
				<mrd:MD_Format>
					<mrd:formatSpecificationCitation>
						<cit:CI_Citation>
							<cit:title>
								<gco:CharacterString>ESRI SHP</gco:CharacterString>
							</cit:title>
							<cit:edition>
								<gco:CharacterString>none</gco:CharacterString>
							</cit:edition>
						</cit:CI_Citation>
					</mrd:formatSpecificationCitation>
				</mrd:MD_Format>
			</mrd:distributionFormat>
			<mrd:distributor>
				<mrd:MD_Distributor>
					<mrd:distributorContact>
					<cit:CI_Responsibility>
						<cit:role>
							<cit:CI_RoleCode codeList="http://standards.iso.org/iso/19115/resources/Codelist/cat/codelists.xml#CI_RoleCode" codeListValue="distributor">distributor</cit:CI_RoleCode>
						</cit:role>
						<cit:party>
							<cit:CI_Organisation>
								<cit:name>
									<gco:CharacterString>內政部國土測繪中心</gco:CharacterString>
								</cit:name>
								<cit:contactInfo>
									<cit:CI_Contact>
										<cit:phone>
											<cit:CI_Telephone>
												<cit:number>
													<gco:CharacterString>+886-4-22522966</gco:CharacterString>
												</cit:number>
												<cit:numberType>
													<cit:CI_TelephoneTypeCode codeList="http://standards.iso.org/iso/19115/resources/Codelist/cat/codelists.xml#CI_TelephoneTypeCode" codeListValue="voice">voice</cit:CI_TelephoneTypeCode>
												</cit:numberType>
											</cit:CI_Telephone>
										</cit:phone>
										<cit:address>
											<cit:CI_Address>
												<cit:deliveryPoint>
													<gco:CharacterString></gco:CharacterString>
												</cit:deliveryPoint>
												<cit:city>
													<gco:CharacterString></gco:CharacterString>
												</cit:city>
												<cit:administrativeArea>
													<gco:CharacterString></gco:CharacterString>
												</cit:administrativeArea>
												<cit:postalCode>
													<gco:CharacterString></gco:CharacterString>
												</cit:postalCode>
												<cit:country>
													<gco:CharacterString>中華民國</gco:CharacterString>
												</cit:country>
												<cit:electronicMailAddress>
													<gco:CharacterString></gco:CharacterString>
												</cit:electronicMailAddress>
											</cit:CI_Address>
										</cit:address>
									</cit:CI_Contact>
								</cit:contactInfo>
								<cit:individual>
									<cit:CI_Individual>
										<cit:name>
											<gco:CharacterString>內政部國土測繪中心</gco:CharacterString>
										</cit:name>
										<cit:positionName>
											<gco:CharacterString></gco:CharacterString>
										</cit:positionName>
									</cit:CI_Individual>
								</cit:individual>
							</cit:CI_Organisation>
						</cit:party>
					</cit:CI_Responsibility>
					</mrd:distributorContact>
				</mrd:MD_Distributor>
			</mrd:distributor>
		</mrd:MD_Distribution>
	</mdb:distributionInfo>
</mdb:MD_Metadata>
